channel_id,channel_title,custom_url,channel_url,country,channel_published_at,uploads_playlist_id,last_seen_utc
UC-pdFydi9ooxEfATh3KoiIw,STEVEN,@stevenlathoud,https://www.youtube.com/channel/UC-pdFydi9ooxEfATh3KoiIw,FR,2010-02-11T17:53:39Z,UU-pdFydi9ooxEfATh3KoiIw,2026-01-31 15:50:36
UC0AFqXyYs1z2Dxx5jtQBicQ,SkinnZer,@skinnzer,https://www.youtube.com/channel/UC0AFqXyYs1z2Dxx5jtQBicQ,FR,2015-02-26T14:03:03Z,UU0AFqXyYs1z2Dxx5jtQBicQ,2026-01-31 15:50:36
UC0V8fUv0DB5Tq7uHdG7ixyw,W38,@w38,https://www.youtube.com/channel/UC0V8fUv0DB5Tq7uHdG7ixyw,FR,2008-10-12T21:02:29Z,UU0V8fUv0DB5Tq7uHdG7ixyw,2026-01-31 15:50:36
UC0kacsSWviDNM7msbzGLGMQ,Tenorshare French,@tenorsharefrench,https://www.youtube.com/channel/UC0kacsSWviDNM7msbzGLGMQ,FR,2017-06-29T02:24:11Z,UU0kacsSWviDNM7msbzGLGMQ,2026-01-31 15:50:36
UC1F5QJFXcu1evMkYyXRGoaw,LoKan Sardari - Studio,@lknstudio,https://www.youtube.com/channel/UC1F5QJFXcu1evMkYyXRGoaw,FR,2021-01-25T19:16:14.150883Z,UU1F5QJFXcu1evMkYyXRGoaw,2026-01-31 15:50:36
UC1N4EIilrmXhTEdu3h7tpPg,iPhone page,@iphonepage,https://www.youtube.com/channel/UC1N4EIilrmXhTEdu3h7tpPg,FR,2022-08-28T18:51:45.765702Z,UU1N4EIilrmXhTEdu3h7tpPg,2026-01-31 15:50:36
UC1WIj7YGywcVoRLS0zZu2RQ,TechDams,@techdams,https://www.youtube.com/channel/UC1WIj7YGywcVoRLS0zZu2RQ,FR,2023-02-21T13:46:05.973479Z,UU1WIj7YGywcVoRLS0zZu2RQ,2026-01-31 15:50:36
UC1ndVn8sa4oTbW09P5ICOog,amazing mac TV,@amazingmactv,https://www.youtube.com/channel/UC1ndVn8sa4oTbW09P5ICOog,FR,2012-02-27T15:41:32Z,UU1ndVn8sa4oTbW09P5ICOog,2026-01-31 15:50:36
UC1wV5Kf18gVbL3bWH-tWKDw,Cmonavis,@cmonavis,https://www.youtube.com/channel/UC1wV5Kf18gVbL3bWH-tWKDw,FR,2017-03-13T18:22:16Z,UU1wV5Kf18gVbL3bWH-tWKDw,2026-01-31 15:50:36
UC2HXhqg87yIWz152Ig9vkaQ,Tout Techno,@touttechno,https://www.youtube.com/channel/UC2HXhqg87yIWz152Ig9vkaQ,,2022-08-22T20:02:29.791465Z,UU2HXhqg87yIWz152Ig9vkaQ,2026-01-31 15:50:36
UC2XmvTlziz2LSXd_QKBwf8Q,Espritnewgen,@espritnewgen,https://www.youtube.com/channel/UC2XmvTlziz2LSXd_QKBwf8Q,FR,2015-11-12T10:59:07Z,UU2XmvTlziz2LSXd_QKBwf8Q,2026-01-31 15:50:36
UC2lMzO7HzJ_jamFT762vfwA,Jon Rettinger en Français,@jon4lakers_fr,https://www.youtube.com/channel/UC2lMzO7HzJ_jamFT762vfwA,FR,2025-10-29T23:28:46.539185Z,UU2lMzO7HzJ_jamFT762vfwA,2026-01-31 15:50:36
UC3-dl8nKItitMxM9DNTDAfQ,Kang et ses PC,@kangetsespc,https://www.youtube.com/channel/UC3-dl8nKItitMxM9DNTDAfQ,FR,2024-02-02T18:02:53.938582Z,UU3-dl8nKItitMxM9DNTDAfQ,2026-01-31 15:50:36
UC3aPRnneybmQcbEK-X-Qptg,GLG reviews,@glgreviews,https://www.youtube.com/channel/UC3aPRnneybmQcbEK-X-Qptg,FR,2015-05-11T13:30:51Z,UU3aPRnneybmQcbEK-X-Qptg,2026-01-31 15:50:36
UC4q3HKdMqzll3SvA2Lf7oAg,Thomas in Tech,@thomasintech,https://www.youtube.com/channel/UC4q3HKdMqzll3SvA2Lf7oAg,FR,2020-11-19T08:29:35.175382Z,UU4q3HKdMqzll3SvA2Lf7oAg,2026-01-31 15:50:36
UC4vD_Spv_zjcmyfHpnAwBNA,Ixar.,@ixar,https://www.youtube.com/channel/UC4vD_Spv_zjcmyfHpnAwBNA,BE,2016-08-22T09:48:16Z,UU4vD_Spv_zjcmyfHpnAwBNA,2026-01-31 15:50:36
UC5HtcZa4-moyfy6NTY7GHwA,TECHNO 24,@techo24,https://www.youtube.com/channel/UC5HtcZa4-moyfy6NTY7GHwA,FR,2024-06-21T22:33:12.310746Z,UU5HtcZa4-moyfy6NTY7GHwA,2026-01-31 15:50:36
UC65OszX3C9oYfNLU5AWjwYg,Aaron,@aaron.officiel,https://www.youtube.com/channel/UC65OszX3C9oYfNLU5AWjwYg,FR,2020-05-25T13:11:02.137036Z,UU65OszX3C9oYfNLU5AWjwYg,2026-01-31 15:50:36
UC69gruQfEHEQ4Qme0liJOdw,Ludo Tech,@ludotech_off,https://www.youtube.com/channel/UC69gruQfEHEQ4Qme0liJOdw,FR,2021-03-07T18:09:35.471458Z,UU69gruQfEHEQ4Qme0liJOdw,2026-01-31 15:50:36
UC69qClfvKeB9WeyySg5iQrQ,Yohann Studio,@yohann.studio,https://www.youtube.com/channel/UC69qClfvKeB9WeyySg5iQrQ,,2019-04-22T19:56:37Z,UU69qClfvKeB9WeyySg5iQrQ,2026-01-31 15:50:36
UC6jfhJWEAfako0XlKnA2UGQ,Timena TechGeek,@timenatg,https://www.youtube.com/channel/UC6jfhJWEAfako0XlKnA2UGQ,FR,2012-11-26T00:10:03Z,UU6jfhJWEAfako0XlKnA2UGQ,2026-01-31 15:50:36
UC6joDErOGcFJC1vHNSfsYQg,01net,@01net,https://www.youtube.com/channel/UC6joDErOGcFJC1vHNSfsYQg,FR,2014-04-11T17:02:33Z,UU6joDErOGcFJC1vHNSfsYQg,2026-01-31 15:50:36
UC70eSjnRIGvRLCzT6K0SQSg,Device FR,@devicefr,https://www.youtube.com/channel/UC70eSjnRIGvRLCzT6K0SQSg,FR,2024-08-10T07:33:00.321346Z,UU70eSjnRIGvRLCzT6K0SQSg,2026-01-31 15:50:36
UC7XxmEXw7wXgh259vYCSjkQ,Cmonavis 2,@cmonavis2,https://www.youtube.com/channel/UC7XxmEXw7wXgh259vYCSjkQ,FR,2011-10-02T12:38:07Z,UU7XxmEXw7wXgh259vYCSjkQ,2026-01-31 15:50:36
UC7rdUip5Q8R7Ki1haNbdwwg,SoloTech,@solotechfr,https://www.youtube.com/channel/UC7rdUip5Q8R7Ki1haNbdwwg,FR,2015-09-18T11:08:12Z,UU7rdUip5Q8R7Ki1haNbdwwg,2026-01-31 15:50:36
UC7sFrgyGelEr6eny6_PsGXQ,Tom's Guide France,@tomsguidefr,https://www.youtube.com/channel/UC7sFrgyGelEr6eny6_PsGXQ,FR,2007-07-05T09:11:20Z,UU7sFrgyGelEr6eny6_PsGXQ,2026-01-31 15:50:36
UCA25ZdZZF5XE6ihPE5pwfnw,Materiel.net,@materielnet,https://www.youtube.com/channel/UCA25ZdZZF5XE6ihPE5pwfnw,FR,2013-10-08T12:39:30Z,UUA25ZdZZF5XE6ihPE5pwfnw,2026-01-31 15:50:36
UCAOjk3Po21_t7L1MDHQ4-Og,FNK Hardware,@fnkhardware,https://www.youtube.com/channel/UCAOjk3Po21_t7L1MDHQ4-Og,FR,2017-02-25T15:31:48Z,UUAOjk3Po21_t7L1MDHQ4-Og,2026-01-31 15:50:36
UCA_DfRJwb5U0S4UiiH3BtUg,Jérémy Dufour,@jeremydufour,https://www.youtube.com/channel/UCA_DfRJwb5U0S4UiiH3BtUg,CH,2018-10-19T13:09:22Z,UUA_DfRJwb5U0S4UiiH3BtUg,2026-01-31 15:50:36
UCAicNsMAZgbqPr_0QsnI1PA,Cobra.fr,@cobrasonhd,https://www.youtube.com/channel/UCAicNsMAZgbqPr_0QsnI1PA,FR,2010-09-11T15:34:14Z,UUAicNsMAZgbqPr_0QsnI1PA,2026-01-31 15:50:36
UCAz-755tH3m8_BwaluzdJwQ,Numerama,@numerama,https://www.youtube.com/channel/UCAz-755tH3m8_BwaluzdJwQ,FR,2014-02-18T19:09:41Z,UUAz-755tH3m8_BwaluzdJwQ,2026-01-31 15:50:36
UCB0ffaItcXwkgbVu8Hvq3Tw,QUENTIN,@quentincougniot,https://www.youtube.com/channel/UCB0ffaItcXwkgbVu8Hvq3Tw,FR,2012-03-02T13:53:28Z,UUB0ffaItcXwkgbVu8Hvq3Tw,2026-01-31 15:50:36
UCB32y6dm508Hap4_Mn-ZnHQ,Presse-citron,@pressecitronhd,https://www.youtube.com/channel/UCB32y6dm508Hap4_Mn-ZnHQ,FR,2014-01-07T10:35:44Z,UUB32y6dm508Hap4_Mn-ZnHQ,2026-01-31 15:50:36
UCBOGe_x7aqQV4Ly5Rfa4iow,Les Tests de Cyril,@lestestsdecyril,https://www.youtube.com/channel/UCBOGe_x7aqQV4Ly5Rfa4iow,FR,2016-06-04T19:47:04Z,UUBOGe_x7aqQV4Ly5Rfa4iow,2026-01-31 15:50:36
UCBqYyDusSFntU7k2UnFGsBA,Giga Content,@giga-content,https://www.youtube.com/channel/UCBqYyDusSFntU7k2UnFGsBA,FR,2021-04-27T10:53:13.162256Z,UUBqYyDusSFntU7k2UnFGsBA,2026-01-31 15:50:36
UCC5xS4j2xUyGO2UfjFh5LsQ,Nooz,@nooz_tech,https://www.youtube.com/channel/UCC5xS4j2xUyGO2UfjFh5LsQ,FR,2022-10-29T21:17:45.165185Z,UUC5xS4j2xUyGO2UfjFh5LsQ,2026-01-31 15:50:36
UCCM6zpvTcgXeNqLmQ9swugQ,Selectos Lifestyle,@selectoslifestyle,https://www.youtube.com/channel/UCCM6zpvTcgXeNqLmQ9swugQ,BE,2020-08-12T12:59:38.267866Z,UUCM6zpvTcgXeNqLmQ9swugQ,2026-01-31 15:50:36
UCCUlTcDhcn72O8TiNfFJWWA,GLG video (JT Geek),@lesmagouilles,https://www.youtube.com/channel/UCCUlTcDhcn72O8TiNfFJWWA,FR,2007-12-01T13:39:04Z,UUCUlTcDhcn72O8TiNfFJWWA,2026-01-31 15:50:36
UCDBYphtxNDXGQe5eyHYZ6Fw,GUILLAUME,@yt_guillaume,https://www.youtube.com/channel/UCDBYphtxNDXGQe5eyHYZ6Fw,FR,2016-08-25T09:08:29Z,UUDBYphtxNDXGQe5eyHYZ6Fw,2026-01-31 15:50:36
UCDY3WI0HqdzNADtE6B-BmUw,MrG Tech,@mrg-tech,https://www.youtube.com/channel/UCDY3WI0HqdzNADtE6B-BmUw,FR,2013-09-01T20:58:15Z,UUDY3WI0HqdzNADtE6B-BmUw,2026-01-31 15:50:36
UCDfGCQqgOKPYeiaG3I4vl4w,Marty,@marty_,https://www.youtube.com/channel/UCDfGCQqgOKPYeiaG3I4vl4w,FR,2015-08-28T00:15:23Z,UUDfGCQqgOKPYeiaG3I4vl4w,2026-01-31 15:50:36
UCDvCJx3pU8N-23ilB6tNMlg,mister gadget,@mistgadget,https://www.youtube.com/channel/UCDvCJx3pU8N-23ilB6tNMlg,FR,2020-08-07T10:11:08.695721Z,UUDvCJx3pU8N-23ilB6tNMlg,2026-01-31 15:50:36
UCEPqgSzHj7vlJj5pGX9dDdA,Gilo & Alex,@giloetalex,https://www.youtube.com/channel/UCEPqgSzHj7vlJj5pGX9dDdA,FR,2024-11-26T09:30:03.374598Z,UUEPqgSzHj7vlJj5pGX9dDdA,2026-01-31 15:50:36
UCFrfK9IFqO15S7C52DdnSog,GIGATOP,@gigatop,https://www.youtube.com/channel/UCFrfK9IFqO15S7C52DdnSog,FR,2021-05-05T06:29:06.586539Z,UUFrfK9IFqO15S7C52DdnSog,2026-01-31 15:50:36
UCGMxP4yf3ixAAEKQc3d76gw,Arnaud,@arnaudducouret,https://www.youtube.com/channel/UCGMxP4yf3ixAAEKQc3d76gw,FR,2012-11-28T16:31:31Z,UUGMxP4yf3ixAAEKQc3d76gw,2026-01-31 15:50:36
UCGjKSSIpN7aYQluu04kPrsA,Brandon Le Proktor,@brandonleproktor,https://www.youtube.com/channel/UCGjKSSIpN7aYQluu04kPrsA,FR,2009-04-14T18:15:15Z,UUGjKSSIpN7aYQluu04kPrsA,2026-01-31 15:50:36
UCH6ppHEvV3_WIXEwmhv9HEg,Deus Ex Silicium,@dexsilicium,https://www.youtube.com/channel/UCH6ppHEvV3_WIXEwmhv9HEg,FR,2014-09-10T15:04:58Z,UUH6ppHEvV3_WIXEwmhv9HEg,2026-01-31 15:50:36
UCHGvOgxAA_MFOH1yyhjcR-Q,ArtBen,@artben,https://www.youtube.com/channel/UCHGvOgxAA_MFOH1yyhjcR-Q,FR,2008-01-03T08:43:22Z,UUHGvOgxAA_MFOH1yyhjcR-Q,2026-01-31 15:50:36
UCHJb6-VCrzQqVQASN23OskQ,Jigfio Ti Super,@jigfio2.0,https://www.youtube.com/channel/UCHJb6-VCrzQqVQASN23OskQ,FR,2024-01-04T14:28:56.432697Z,UUHJb6-VCrzQqVQASN23OskQ,2026-01-31 15:50:36
UCHgZ3SrY7FhB0KjFki50fEQ,Gabinks,@gabinks,https://www.youtube.com/channel/UCHgZ3SrY7FhB0KjFki50fEQ,FR,2014-12-03T19:22:44Z,UUHgZ3SrY7FhB0KjFki50fEQ,2026-01-31 15:50:36
UCIaNSaws_Wv_eoUAmDbUK-Q,MT High Tech Deal's,@mthightechdeals-y1w,https://www.youtube.com/channel/UCIaNSaws_Wv_eoUAmDbUK-Q,FR,2024-07-11T20:36:08.17555Z,UUIaNSaws_Wv_eoUAmDbUK-Q,2026-01-31 15:50:36
UCIorGsaWVmlkpNsngTQPDAg,Clubic,@clubic,https://www.youtube.com/channel/UCIorGsaWVmlkpNsngTQPDAg,FR,2014-02-05T12:48:16Z,UUIorGsaWVmlkpNsngTQPDAg,2026-01-31 15:50:36
UCJ3MlRSjtv2sT-rIDsFg0fw,Sam_VNR,@vnrsam,https://www.youtube.com/channel/UCJ3MlRSjtv2sT-rIDsFg0fw,,2025-04-14T21:18:17.602901Z,UUJ3MlRSjtv2sT-rIDsFg0fw,2026-01-31 15:50:36
UCJ4p_F-vCnEn5V5OtFN8Q3w,FrenchMakito,@frenchmakito,https://www.youtube.com/channel/UCJ4p_F-vCnEn5V5OtFN8Q3w,,2023-11-24T21:44:38.480284Z,UUJ4p_F-vCnEn5V5OtFN8Q3w,2026-01-31 15:50:36
UCJLKCYMkCbOW9wzmeUj8dwQ,MEHDI’N TECH,@mehdintech,https://www.youtube.com/channel/UCJLKCYMkCbOW9wzmeUj8dwQ,,2021-02-18T07:29:52.804476Z,UUJLKCYMkCbOW9wzmeUj8dwQ,2026-01-31 15:50:36
UCJPa4sr9B_mLjShfHhWi8yg,TECnaiche,@tecnaiche,https://www.youtube.com/channel/UCJPa4sr9B_mLjShfHhWi8yg,FR,2015-10-26T19:29:15Z,UUJPa4sr9B_mLjShfHhWi8yg,2026-01-31 15:50:36
UCJy0lX8ThZ7lCtst7JnegWQ,Jojol,@jojol,https://www.youtube.com/channel/UCJy0lX8ThZ7lCtst7JnegWQ,FR,2009-04-10T11:13:56Z,UUJy0lX8ThZ7lCtst7JnegWQ,2026-01-31 15:50:36
UCM6kUx3GI7lTQlqMBiumaEg,technofou,@technofou,https://www.youtube.com/channel/UCM6kUx3GI7lTQlqMBiumaEg,CA,2019-02-09T15:59:29Z,UUM6kUx3GI7lTQlqMBiumaEg,2026-01-31 15:50:36
UCMWAxO0xGJxELkiX5_pEJNA,Pannacophone - Smartphone & Tech,@pannacophone,https://www.youtube.com/channel/UCMWAxO0xGJxELkiX5_pEJNA,FR,2022-03-16T14:00:28.62162Z,UUMWAxO0xGJxELkiX5_pEJNA,2026-01-31 15:50:36
UCMWWgqykXE5exHk60TCZ-bw,Yukio_Clyks,@yukio_clyks,https://www.youtube.com/channel/UCMWWgqykXE5exHk60TCZ-bw,FR,2018-01-14T14:18:27Z,UUMWWgqykXE5exHk60TCZ-bw,2026-01-31 15:50:36
UCMc7IaTDRDtxftK9v0aXVqA,Yada 2.0,@yada2.0,https://www.youtube.com/channel/UCMc7IaTDRDtxftK9v0aXVqA,,2022-07-22T21:35:02.665945Z,UUMc7IaTDRDtxftK9v0aXVqA,2026-01-31 15:50:36
UCMwkAK-lhEeLld9xLiyKLMg,Captain Grochat,@captaingrochat,https://www.youtube.com/channel/UCMwkAK-lhEeLld9xLiyKLMg,FR,2016-08-27T17:10:16Z,UUMwkAK-lhEeLld9xLiyKLMg,2026-01-31 15:50:36
UCNOUTy_TWRJzAaSfIGserkg,Nowtech Replay (Le Mug Nowtech),@nowtechreplay,https://www.youtube.com/channel/UCNOUTy_TWRJzAaSfIGserkg,FR,2022-08-23T08:25:30.215852Z,UUNOUTy_TWRJzAaSfIGserkg,2026-01-31 15:50:36
UCNWE4ouC-BxzJ-Lomuuqb1Q,Isma(ël),@dleamsi,https://www.youtube.com/channel/UCNWE4ouC-BxzJ-Lomuuqb1Q,,2017-11-11T14:55:07Z,UUNWE4ouC-BxzJ-Lomuuqb1Q,2026-01-31 15:50:36
UCNiauGTV7XhkOpUAIXod4xA,Léo Duff,@leoduff,https://www.youtube.com/channel/UCNiauGTV7XhkOpUAIXod4xA,FR,2011-01-13T20:17:53Z,UUNiauGTV7XhkOpUAIXod4xA,2026-01-31 15:50:36
UCNzUonmxxvG-HIqOC3S7Thw,VAC - Vulgarisateur Apple et compagnie,@appetco,https://www.youtube.com/channel/UCNzUonmxxvG-HIqOC3S7Thw,CA,2015-11-05T02:09:04Z,UUNzUonmxxvG-HIqOC3S7Thw,2026-01-31 15:50:36
UCO14QTmfRbe9j9PTJsAhtLQ,PΔX,@paxpc,https://www.youtube.com/channel/UCO14QTmfRbe9j9PTJsAhtLQ,FR,2020-11-24T12:57:59.397195Z,UUO14QTmfRbe9j9PTJsAhtLQ,2026-01-31 15:50:36
UCOCoKBUmALR6d7UW_s5zgrA,Arnaud C.,@arnaudc88,https://www.youtube.com/channel/UCOCoKBUmALR6d7UW_s5zgrA,FR,2017-01-14T22:26:33Z,UUOCoKBUmALR6d7UW_s5zgrA,2026-01-31 15:50:36
UCOaX4zvPzmv0eBbUWOOOB_A,TopAchat,@topachat,https://www.youtube.com/channel/UCOaX4zvPzmv0eBbUWOOOB_A,FR,2009-12-03T17:45:17Z,UUOaX4zvPzmv0eBbUWOOOB_A,2026-01-31 15:50:36
UCOm_kuKVb4ImX_DHpIgX_zg,Skinn's Tech Deals,@skinnstechdeals,https://www.youtube.com/channel/UCOm_kuKVb4ImX_DHpIgX_zg,FR,2024-10-27T14:20:59.009579Z,UUOm_kuKVb4ImX_DHpIgX_zg,2026-01-31 15:50:36
UCOtM8pxxBIfwqu6e8mHgUEQ,TheiMika,@theimika,https://www.youtube.com/channel/UCOtM8pxxBIfwqu6e8mHgUEQ,FR,2009-04-25T16:31:47Z,UUOtM8pxxBIfwqu6e8mHgUEQ,2026-01-31 15:50:36
UCOyUCj6Wx9skJggzZFUDZyA,Unlock Talk,@unlocktalk,https://www.youtube.com/channel/UCOyUCj6Wx9skJggzZFUDZyA,FR,2024-06-18T12:41:38.895137Z,UUOyUCj6Wx9skJggzZFUDZyA,2026-01-31 15:50:36
UCP5-zNhWXk_LUPIJpxtrTnQ,Cowcotland,@cowcotland,https://www.youtube.com/channel/UCP5-zNhWXk_LUPIJpxtrTnQ,FR,2010-02-15T10:56:44Z,UUP5-zNhWXk_LUPIJpxtrTnQ,2026-01-31 15:50:36
UCPP-NkzSqMJ9ywhJkcgrpAw,Tech_Sama,@techsama,https://www.youtube.com/channel/UCPP-NkzSqMJ9ywhJkcgrpAw,,2014-08-26T16:50:51Z,UUPP-NkzSqMJ9ywhJkcgrpAw,2026-01-31 15:50:36
UCPQsSFJurluaMOG1qL0Y7sA,PP World,@ppworld,https://www.youtube.com/channel/UCPQsSFJurluaMOG1qL0Y7sA,FR,2015-09-08T21:24:22Z,UUPQsSFJurluaMOG1qL0Y7sA,2026-01-31 15:50:36
UCQSA6pCffm7epqxFqouL0Xg,Mathis et Gauthier,@mathisetgauthier,https://www.youtube.com/channel/UCQSA6pCffm7epqxFqouL0Xg,FR,2017-07-23T23:17:11Z,UUQSA6pCffm7epqxFqouL0Xg,2026-01-31 15:50:36
UCQZa27_VXLUowoMsYo6Y0Dw,bazze tv,@bazzetv,https://www.youtube.com/channel/UCQZa27_VXLUowoMsYo6Y0Dw,FR,2020-11-09T13:25:40.772275Z,UUQZa27_VXLUowoMsYo6Y0Dw,2026-01-31 15:50:36
UCQigF3tZJJlt6o1_tkYKkNQ,KAPPA Studio,@kappa-studio,https://www.youtube.com/channel/UCQigF3tZJJlt6o1_tkYKkNQ,FR,2019-12-04T09:27:03.959162Z,UUQigF3tZJJlt6o1_tkYKkNQ,2026-01-31 15:50:36
UCQsb5TqYUeGWGpJFr8DMWsQ,ANONIMAL,@anonimalll,https://www.youtube.com/channel/UCQsb5TqYUeGWGpJFr8DMWsQ,FR,2012-09-15T20:24:42Z,UUQsb5TqYUeGWGpJFr8DMWsQ,2026-01-31 15:50:36
UCQvNFAufGf8mtN2_L8thysg,Journal du Geek,@journaldugeek,https://www.youtube.com/channel/UCQvNFAufGf8mtN2_L8thysg,FR,2006-08-14T09:05:49Z,UUQvNFAufGf8mtN2_L8thysg,2026-01-31 15:50:36
UCR-4Ge4NbqILG5HTTvs_nFQ,Lysandre_lbd,@lysandrelbd,https://www.youtube.com/channel/UCR-4Ge4NbqILG5HTTvs_nFQ,FR,2016-11-01T12:19:05Z,UUR-4Ge4NbqILG5HTTvs_nFQ,2026-01-31 15:50:36
UCR3uoYsbRO_S0wg2DaSlb8g,Wondershare Français,@wondershare_fr,https://www.youtube.com/channel/UCR3uoYsbRO_S0wg2DaSlb8g,FR,2014-11-06T06:21:32Z,UUR3uoYsbRO_S0wg2DaSlb8g,2026-01-31 15:50:36
UCRI5foOTNz6DuVz3SVQ1cMA,Tao Gassin,@taogassin,https://www.youtube.com/channel/UCRI5foOTNz6DuVz3SVQ1cMA,FR,2016-06-24T17:31:08Z,UURI5foOTNz6DuVz3SVQ1cMA,2026-01-31 15:50:36
UCRhyS_ylPQ5GWBl1lK92ftA,Léo - TechMaker,@leotechmaker,https://www.youtube.com/channel/UCRhyS_ylPQ5GWBl1lK92ftA,FR,2015-11-23T00:31:45Z,UURhyS_ylPQ5GWBl1lK92ftA,2026-01-31 15:50:36
UCSPoCan8_9ELmqEVS2hUHPA,iVax,@ivax_yt,https://www.youtube.com/channel/UCSPoCan8_9ELmqEVS2hUHPA,FR,2013-06-07T05:36:39Z,UUSPoCan8_9ELmqEVS2hUHPA,2026-01-31 15:50:36
UCSYFVeBI66YqDhGrYKxiCUQ,Georges,@georges_design,https://www.youtube.com/channel/UCSYFVeBI66YqDhGrYKxiCUQ,FR,2018-06-27T09:16:41Z,UUSYFVeBI66YqDhGrYKxiCUQ,2026-01-31 15:50:36
UCT9QoBXRO1_z1f-Ud97RxPg,Norizon,@norizon224,https://www.youtube.com/channel/UCT9QoBXRO1_z1f-Ud97RxPg,FR,2023-07-18T12:43:07.65501Z,UUT9QoBXRO1_z1f-Ud97RxPg,2026-01-31 15:50:36
UCTER7XOnDvSRbI2YxikLaVw,RTBF iXPé,@rtbfixpe,https://www.youtube.com/channel/UCTER7XOnDvSRbI2YxikLaVw,BE,2020-11-10T15:21:40.163196Z,UUTER7XOnDvSRbI2YxikLaVw,2026-01-31 15:50:36
UCTG26Ngiphy9TCOejxGfShQ,R-Tech,@r-tech-chaine,https://www.youtube.com/channel/UCTG26Ngiphy9TCOejxGfShQ,,2025-04-26T08:45:41.27366Z,UUTG26Ngiphy9TCOejxGfShQ,2026-01-31 15:50:36
UCTKa4DGeCFeThot6rcRqNow,TechnoïdFR,@technoidfr,https://www.youtube.com/channel/UCTKa4DGeCFeThot6rcRqNow,FR,2013-02-26T18:04:33Z,UUTKa4DGeCFeThot6rcRqNow,2026-01-31 15:50:36
UCTOAKgwfqqCbOytF3RNGGVw,Monsieur GRrr,@monsieurgrrr,https://www.youtube.com/channel/UCTOAKgwfqqCbOytF3RNGGVw,FR,2015-06-15T19:43:35Z,UUTOAKgwfqqCbOytF3RNGGVw,2026-01-31 15:50:36
UCTmHRe6W96WgYlUNxcokpVQ,Fitfitzone,@fitfitzone,https://www.youtube.com/channel/UCTmHRe6W96WgYlUNxcokpVQ,BE,2025-05-12T12:34:18.086948Z,UUTmHRe6W96WgYlUNxcokpVQ,2026-01-31 15:50:36
UCU8_onYYhNxwGUB3hA34C4Q,FrenchHardware,@frhardware,https://www.youtube.com/channel/UCU8_onYYhNxwGUB3hA34C4Q,FR,2016-05-03T19:19:34Z,UUU8_onYYhNxwGUB3hA34C4Q,2026-01-31 15:50:36
UCUD3E77YRTGK3yPSDB6Kq5Q,Monsport06,@monsport06,https://www.youtube.com/channel/UCUD3E77YRTGK3yPSDB6Kq5Q,FR,2018-01-24T22:47:52Z,UUUD3E77YRTGK3yPSDB6Kq5Q,2026-01-31 15:50:36
UCURjynFkZicGPbIIaWO9vmQ,Benji TV,@benjitv-fr,https://www.youtube.com/channel/UCURjynFkZicGPbIIaWO9vmQ,FR,2019-02-13T16:58:31Z,UUURjynFkZicGPbIIaWO9vmQ,2026-01-31 15:50:36
UCUT9pQQGw4ZEpv5hqrv-bZw,TonyTech,@tonytech67,https://www.youtube.com/channel/UCUT9pQQGw4ZEpv5hqrv-bZw,FR,2010-09-21T15:54:55Z,UUUT9pQQGw4ZEpv5hqrv-bZw,2026-01-31 15:50:36
UCU_a5aoj_HzTMohx0JG_Z4A,GUILLAUME++,@guillaumeplus,https://www.youtube.com/channel/UCU_a5aoj_HzTMohx0JG_Z4A,FR,2021-06-25T01:38:06.313965Z,UUU_a5aoj_HzTMohx0JG_Z4A,2026-01-31 15:50:36
UCUaHJ0fTA-1theR8A8Polmw,BFM Tech,@bfm_tech,https://www.youtube.com/channel/UCUaHJ0fTA-1theR8A8Polmw,FR,2007-07-02T14:52:58Z,UUUaHJ0fTA-1theR8A8Polmw,2026-01-31 15:50:36
UCUanZckNyJODHBdqtMzYMpA,ORLM.tv / On refait le Mac,@onrefaitlemac,https://www.youtube.com/channel/UCUanZckNyJODHBdqtMzYMpA,FR,2009-11-02T14:52:52Z,UUUanZckNyJODHBdqtMzYMpA,2026-01-31 15:50:36
UCUbwQOAmLdZ9zPOOPFt25zQ,YanNick TECH,@yannick-tech,https://www.youtube.com/channel/UCUbwQOAmLdZ9zPOOPFt25zQ,FR,2016-05-27T22:18:45Z,UUUbwQOAmLdZ9zPOOPFt25zQ,2026-01-31 15:50:36
UCUclUivgBePqnqDGQ3Jzu2Q,TOUKIWANTI,@toukiwanti,https://www.youtube.com/channel/UCUclUivgBePqnqDGQ3Jzu2Q,FR,2018-06-12T16:49:59Z,UUUclUivgBePqnqDGQ3Jzu2Q,2026-01-31 15:50:36
UCUltPy138RvnbWX_FuUHtDA,MT High-Tech,@mthightech,https://www.youtube.com/channel/UCUltPy138RvnbWX_FuUHtDA,FR,2019-08-28T22:16:09Z,UUUltPy138RvnbWX_FuUHtDA,2026-01-31 15:50:36
UCVrceZhsV6TRyVh3VhBFaKA,MOBICLICK,@mobiclick,https://www.youtube.com/channel/UCVrceZhsV6TRyVh3VhBFaKA,FR,2024-06-01T18:58:39.932796Z,UUVrceZhsV6TRyVh3VhBFaKA,2026-01-31 15:50:36
UCVwG9JHqGLfEO-4TkF-lf2g,Nowtech,@nowtech,https://www.youtube.com/channel/UCVwG9JHqGLfEO-4TkF-lf2g,FR,2013-03-18T11:31:19Z,UUVwG9JHqGLfEO-4TkF-lf2g,2026-01-31 15:50:36
UCWedHS9qKebauVIK2J7383g,Underscore_,@underscore_,https://www.youtube.com/channel/UCWedHS9qKebauVIK2J7383g,FR,2018-06-22T17:34:45Z,UUWedHS9qKebauVIK2J7383g,2026-01-31 15:50:36
UCX4A8obrGg1iX37R-fyBJ6w,Monde Tech,@24mondetech,https://www.youtube.com/channel/UCX4A8obrGg1iX37R-fyBJ6w,FR,2025-01-27T11:10:23.85887Z,UUX4A8obrGg1iX37R-fyBJ6w,2026-01-31 15:50:36
UCXJ_vW2t0W5hY9hS8ePnpzw,Back Market France,@backmarketfrance,https://www.youtube.com/channel/UCXJ_vW2t0W5hY9hS8ePnpzw,FR,2015-02-23T11:27:35Z,UUXJ_vW2t0W5hY9hS8ePnpzw,2026-01-31 15:50:36
UCYU8ljh_pDcwqDMWZoJWqwA,RABBIN DES BOIS,@rabbindesbois,https://www.youtube.com/channel/UCYU8ljh_pDcwqDMWZoJWqwA,FR,2018-05-15T08:40:56Z,UUYU8ljh_pDcwqDMWZoJWqwA,2026-01-31 15:50:36
UCYWJ5aXwE7vyN-qtDT3uR4w,Top For Phone,@topforphone,https://www.youtube.com/channel/UCYWJ5aXwE7vyN-qtDT3uR4w,FR,2009-12-20T23:52:04Z,UUYWJ5aXwE7vyN-qtDT3uR4w,2026-01-31 15:50:36
UCYmw-Y8TnRzO4COTBKEgUGg,Les Dénicheurs,@les_denicheurs,https://www.youtube.com/channel/UCYmw-Y8TnRzO4COTBKEgUGg,FR,2021-10-04T07:49:17.87504Z,UUYmw-Y8TnRzO4COTBKEgUGg,2026-01-31 15:50:36
UCYnvxJ-PKiGXo_tYXpWAC-w,Micode,@micode,https://www.youtube.com/channel/UCYnvxJ-PKiGXo_tYXpWAC-w,FR,2017-01-09T17:07:52Z,UUYnvxJ-PKiGXo_tYXpWAC-w,2026-01-31 15:50:36
UCZ5qxuvquQABNtjcawNMowA,DaddyFamtech,@daddyfamtech,https://www.youtube.com/channel/UCZ5qxuvquQABNtjcawNMowA,FR,2021-03-11T13:01:01.200329Z,UUZ5qxuvquQABNtjcawNMowA,2026-01-31 15:50:36
UCZEdNvDcHUPEE7CDRpXnO6w,Cyril | Ctrl Bu,@ctrlbu,https://www.youtube.com/channel/UCZEdNvDcHUPEE7CDRpXnO6w,FR,2009-03-04T00:04:35Z,UUZEdNvDcHUPEE7CDRpXnO6w,2026-01-31 15:50:36
UCZsEJw8rwd0RWAga5dulOpg,Bon Plan High Tech,@bonplanhightech,https://www.youtube.com/channel/UCZsEJw8rwd0RWAga5dulOpg,FR,2020-02-15T21:15:41.532188Z,UUZsEJw8rwd0RWAga5dulOpg,2026-01-31 15:50:36
UC_FckuJiPXwA_nOEIoTsRZg,Fabien captain virtuality,@captainvirtuality,https://www.youtube.com/channel/UC_FckuJiPXwA_nOEIoTsRZg,FR,2018-03-06T09:00:29Z,UU_FckuJiPXwA_nOEIoTsRZg,2026-01-31 15:50:36
UC_dzE9mydhQuQ0NwmXByDtA,André Martin,@andremartinyt,https://www.youtube.com/channel/UC_dzE9mydhQuQ0NwmXByDtA,FR,2013-01-02T19:08:56Z,UU_dzE9mydhQuQ0NwmXByDtA,2026-01-31 15:50:36
UCa8Leo9o5Nnb-Cc1sWfT2HQ,MobileAddict,@mobileaddict,https://www.youtube.com/channel/UCa8Leo9o5Nnb-Cc1sWfT2HQ,FR,2017-01-09T20:39:39Z,UUa8Leo9o5Nnb-Cc1sWfT2HQ,2026-01-31 15:50:36
UCaHolOYkfcTdC0vTFAywzXw,LoKan Sardari,@lknsardari,https://www.youtube.com/channel/UCaHolOYkfcTdC0vTFAywzXw,FR,2012-06-29T06:43:07Z,UUaHolOYkfcTdC0vTFAywzXw,2026-01-31 15:50:36
UCagQpz-WZtgbSp8Ry0XQ4Yw,Victor,@victorjimenes1,https://www.youtube.com/channel/UCagQpz-WZtgbSp8Ry0XQ4Yw,FR,2016-11-19T16:10:49Z,UUagQpz-WZtgbSp8Ry0XQ4Yw,2026-01-31 15:50:36
UCaybrunQi8xWgPMgv1AYBHw,TheiCollection,@theicollection,https://www.youtube.com/channel/UCaybrunQi8xWgPMgv1AYBHw,FR,2011-07-17T12:39:52Z,UUaybrunQi8xWgPMgv1AYBHw,2026-01-31 15:50:36
UCb0sWM7tMRaEgn_hpptqnxA,Mon iPad & Moi,@monipadetmoi,https://www.youtube.com/channel/UCb0sWM7tMRaEgn_hpptqnxA,FR,2024-03-01T20:27:19.243783Z,UUb0sWM7tMRaEgn_hpptqnxA,2026-01-31 15:50:36
UCbwE_k9zALnzZRvkoyDhuzw,Jojo Le Geek,@jojolegeek,https://www.youtube.com/channel/UCbwE_k9zALnzZRvkoyDhuzw,FR,2019-02-11T17:18:55Z,UUbwE_k9zALnzZRvkoyDhuzw,2026-01-31 15:50:36
UCc7giV0qHsCNbhjV3_ZJ22w,Paul - Nakryum,@nakryum,https://www.youtube.com/channel/UCc7giV0qHsCNbhjV3_ZJ22w,FR,2008-12-03T16:32:06Z,UUc7giV0qHsCNbhjV3_ZJ22w,2026-01-31 15:50:36
UCchpwieM3DswmDEnJ0MRq1A,Romain Lanéry,@romainlanery,https://www.youtube.com/channel/UCchpwieM3DswmDEnJ0MRq1A,FR,2013-07-17T20:15:02Z,UUchpwieM3DswmDEnJ0MRq1A,2026-01-31 15:50:36
UCdTrm2PZ7Wwa7xF-LbGP0dQ,Le Showroom de l'Image et du Son,@showroom_image_et_son,https://www.youtube.com/channel/UCdTrm2PZ7Wwa7xF-LbGP0dQ,FR,2008-11-26T15:29:54Z,UUdTrm2PZ7Wwa7xF-LbGP0dQ,2026-01-31 15:50:36
UCdqC1GnhKs3aQw6j62uOvUw,Mister Perrier,@misterperrier,https://www.youtube.com/channel/UCdqC1GnhKs3aQw6j62uOvUw,CH,2013-02-08T19:40:44Z,UUdqC1GnhKs3aQw6j62uOvUw,2026-01-31 15:50:36
UCe7R7Pt-bxNT7EE83NLsmFQ,Avis Express - Testeur High-Tech,@avisexpress,https://www.youtube.com/channel/UCe7R7Pt-bxNT7EE83NLsmFQ,FR,2016-06-29T18:35:05Z,UUe7R7Pt-bxNT7EE83NLsmFQ,2026-01-31 15:50:36
UCe7aMEBJH_sGJMCXWLCzeSA,TheFunTouch,@thefuntouch,https://www.youtube.com/channel/UCe7aMEBJH_sGJMCXWLCzeSA,,2011-08-12T15:37:11Z,UUe7aMEBJH_sGJMCXWLCzeSA,2026-01-31 15:50:36
UCeFfhz1vsSxxJY26VZHw19w,Selectos Tech,@selectosfr,https://www.youtube.com/channel/UCeFfhz1vsSxxJY26VZHw19w,BE,2017-07-23T16:20:30Z,UUeFfhz1vsSxxJY26VZHw19w,2026-01-31 15:50:36
UCeUxAQ2j3OETAApTvBj5Scw,MoMo App,@momoapp2,https://www.youtube.com/channel/UCeUxAQ2j3OETAApTvBj5Scw,FR,2018-04-10T19:39:32Z,UUeUxAQ2j3OETAApTvBj5Scw,2026-01-31 15:50:36
UCeXhsPdO6bRK7ZycOeFdD8A,iTechNews,@itechnews101,https://www.youtube.com/channel/UCeXhsPdO6bRK7ZycOeFdD8A,FR,2019-02-16T13:48:04Z,UUeXhsPdO6bRK7ZycOeFdD8A,2026-01-31 15:50:36
UCf-DN6QjyyEbhuMWCoXdXQQ,Phonandroid,@phonandroid,https://www.youtube.com/channel/UCf-DN6QjyyEbhuMWCoXdXQQ,FR,2014-01-23T01:55:23Z,UUf-DN6QjyyEbhuMWCoXdXQQ,2026-01-31 15:50:36
UCfLyhjpn3hzleNtgTGOQimA,Romain PIAUD,@romainpiaud,https://www.youtube.com/channel/UCfLyhjpn3hzleNtgTGOQimA,FR,2018-05-09T18:55:57Z,UUfLyhjpn3hzleNtgTGOQimA,2026-01-31 15:50:36
UCfbwndxvM8tOtxN_GqU1R3Q,Lorenzo-high-tech,@lorenzohightech,https://www.youtube.com/channel/UCfbwndxvM8tOtxN_GqU1R3Q,FR,2016-12-12T23:56:10Z,UUfbwndxvM8tOtxN_GqU1R3Q,2026-01-31 15:50:36
UCfc0cRoo8yYOzeuS89zpN-Q,Québec Test,@quebectest,https://www.youtube.com/channel/UCfc0cRoo8yYOzeuS89zpN-Q,CA,2019-12-19T01:36:30.850052Z,UUfc0cRoo8yYOzeuS89zpN-Q,2026-01-31 15:50:36
UCflWJq4cTuofmM-0G-GMUNQ,conseilguide,@conseilguide,https://www.youtube.com/channel/UCflWJq4cTuofmM-0G-GMUNQ,FR,2012-01-16T10:18:50Z,UUflWJq4cTuofmM-0G-GMUNQ,2026-01-31 15:50:36
UCfwLCsZhix155PAoFTBb-oQ,Mac4Ever,@mac4ever,https://www.youtube.com/channel/UCfwLCsZhix155PAoFTBb-oQ,FR,2009-11-07T08:36:35Z,UUfwLCsZhix155PAoFTBb-oQ,2026-01-31 15:50:36
UCgWvhceGENT-dKBlgodnomQ,Les perdus Du numérique,@lesperdusdunumerique9145,https://www.youtube.com/channel/UCgWvhceGENT-dKBlgodnomQ,FR,2018-11-08T09:34:10Z,UUgWvhceGENT-dKBlgodnomQ,2026-01-31 15:50:36
UCgjhIdz3Uw9r-eMyML9M8FA,PIKATE,@pikate7,https://www.youtube.com/channel/UCgjhIdz3Uw9r-eMyML9M8FA,FR,2023-11-03T14:45:49.190674Z,UUgjhIdz3Uw9r-eMyML9M8FA,2026-01-31 15:50:36
UCgoxc-VKU0cw9BcM9z_qokg,Frandroid,@frandroid,https://www.youtube.com/channel/UCgoxc-VKU0cw9BcM9z_qokg,FR,2012-02-26T09:17:16Z,UUgoxc-VKU0cw9BcM9z_qokg,2026-01-31 15:50:36
UChFaUrD7t1JQ0w7rObWhIRA,Millomaker,@millomaker,https://www.youtube.com/channel/UChFaUrD7t1JQ0w7rObWhIRA,FR,2017-12-08T09:27:17Z,UUhFaUrD7t1JQ0w7rObWhIRA,2026-01-31 15:50:36
UCiR9chjo9kIFMsCXgspFxqg,Braindegeek,@braindegeek,https://www.youtube.com/channel/UCiR9chjo9kIFMsCXgspFxqg,FR,2013-05-02T11:21:07Z,UUiR9chjo9kIFMsCXgspFxqg,2026-01-31 15:50:36
UCkQI4PEJfOY37DU_WLLzc5w,Dell Technologies France,@delltechnologiesfrance,https://www.youtube.com/channel/UCkQI4PEJfOY37DU_WLLzc5w,FR,2013-12-17T14:22:54Z,UUkQI4PEJfOY37DU_WLLzc5w,2026-01-31 15:50:36
UCkS6jlQ4RJTCdkzVCU2-FSQ,GeekEtc,@geeketcfr,https://www.youtube.com/channel/UCkS6jlQ4RJTCdkzVCU2-FSQ,FR,2014-05-11T11:48:21Z,UUkS6jlQ4RJTCdkzVCU2-FSQ,2026-01-31 15:50:36
UClQPWod8Gjgw7i51t7PYibQ,Sélection Futée,@selectionfutee,https://www.youtube.com/channel/UClQPWod8Gjgw7i51t7PYibQ,FR,2023-08-25T08:17:35.893208Z,UUlQPWod8Gjgw7i51t7PYibQ,2026-01-31 15:50:36
UCljgvfi_NnUrNJVHp_HGHwA,Bazar de Léo - TechMaker,@bazartechmaker,https://www.youtube.com/channel/UCljgvfi_NnUrNJVHp_HGHwA,FR,2016-01-18T18:49:01Z,UUljgvfi_NnUrNJVHp_HGHwA,2026-01-31 15:50:36
UClnRNkdVq24iwIbc1O-hjlw,Yensing,@yensingyt,https://www.youtube.com/channel/UClnRNkdVq24iwIbc1O-hjlw,FR,2015-01-19T08:45:28Z,UUlnRNkdVq24iwIbc1O-hjlw,2026-01-31 15:50:36
UCm3QK_QNta9Mue2Q70gtzVw,Android plus,@androidplus-o8n,https://www.youtube.com/channel/UCm3QK_QNta9Mue2Q70gtzVw,FR,2023-11-09T20:52:06.212505Z,UUm3QK_QNta9Mue2Q70gtzVw,2026-01-31 15:50:36
UCnnYqSNKKygemgmxC9PyLTw,Ludo Salenne,@ludovicsalenne,https://www.youtube.com/channel/UCnnYqSNKKygemgmxC9PyLTw,FR,2013-10-09T13:33:21Z,UUnnYqSNKKygemgmxC9PyLTw,2026-01-31 15:50:36
UCoJ4gzwVvGNH5GNqiJoQAAA,Alex Reframe,@alexreframe,https://www.youtube.com/channel/UCoJ4gzwVvGNH5GNqiJoQAAA,FR,2017-01-05T12:23:09Z,UUoJ4gzwVvGNH5GNqiJoQAAA,2026-01-31 15:50:36
UCpFq62uOig4n9jT3luIYUDQ,VZX,@viiziix,https://www.youtube.com/channel/UCpFq62uOig4n9jT3luIYUDQ,FR,2014-07-21T23:59:03Z,UUpFq62uOig4n9jT3luIYUDQ,2026-01-31 15:50:36
UCpSRz-eAoiSW5kaHpI_3LjA,JOLI TECH,@jolitechxp,https://www.youtube.com/channel/UCpSRz-eAoiSW5kaHpI_3LjA,FR,2025-08-11T08:41:17.927443Z,UUpSRz-eAoiSW5kaHpI_3LjA,2026-01-31 15:50:36
UCpaI1FRY8EGK6mEAL7Wfr9w,Yosheez,@yosheez,https://www.youtube.com/channel/UCpaI1FRY8EGK6mEAL7Wfr9w,FR,2016-02-16T10:10:51Z,UUpaI1FRY8EGK6mEAL7Wfr9w,2026-01-31 15:50:36
UCqRSWOqkW_oelrdUN7KQ-aQ,Les Numériques,@lesnumeriques,https://www.youtube.com/channel/UCqRSWOqkW_oelrdUN7KQ-aQ,FR,2006-06-19T15:27:18Z,UUqRSWOqkW_oelrdUN7KQ-aQ,2026-01-31 15:50:36
UCr7ZVUNJ9KyYD92xqfinGsQ,Jimtek,@jimtek_yt,https://www.youtube.com/channel/UCr7ZVUNJ9KyYD92xqfinGsQ,FR,2023-10-17T20:29:02.985627Z,UUr7ZVUNJ9KyYD92xqfinGsQ,2026-01-31 15:50:36
UCrAiXFptzDmgQA6gUCOz9RQ,Meta Perso,@metaperso,https://www.youtube.com/channel/UCrAiXFptzDmgQA6gUCOz9RQ,FR,2023-03-08T23:06:00.589332Z,UUrAiXFptzDmgQA6gUCOz9RQ,2026-01-31 15:50:36
UCrHCRJPuJJcINMMEETEYt4g,Le Petit Comparateur,@lepetitcomparateur,https://www.youtube.com/channel/UCrHCRJPuJJcINMMEETEYt4g,FR,2021-08-10T11:33:56.532314Z,UUrHCRJPuJJcINMMEETEYt4g,2026-01-31 15:50:36
UCrSCIeCW1YuEviVZPVhEfGQ,Dorian GM,@dorian_gm,https://www.youtube.com/channel/UCrSCIeCW1YuEviVZPVhEfGQ,FR,2021-08-28T09:35:42.17138Z,UUrSCIeCW1YuEviVZPVhEfGQ,2026-01-31 15:50:36
UCrsiHZzr4IjuSjnvPy5rVUQ,Daddy Dtech,@daddydtech,https://www.youtube.com/channel/UCrsiHZzr4IjuSjnvPy5rVUQ,,2015-11-29T23:12:30Z,UUrsiHZzr4IjuSjnvPy5rVUQ,2026-01-31 15:50:36
UCrwtkeoBxPfhyde5eesmvyA,CieloTech,@cielotech,https://www.youtube.com/channel/UCrwtkeoBxPfhyde5eesmvyA,FR,2023-08-23T09:53:56.358437Z,UUrwtkeoBxPfhyde5eesmvyA,2026-01-31 15:50:36
UCs7Jg5KBsgiova4CrseuwIw,TheGrandTest,@thegrandtest,https://www.youtube.com/channel/UCs7Jg5KBsgiova4CrseuwIw,FR,2013-03-03T17:22:30Z,UUs7Jg5KBsgiova4CrseuwIw,2026-01-31 15:50:36
UCssuk5-zaZn9vt0_HNj-Hug,VERBOZZ,@verbozz,https://www.youtube.com/channel/UCssuk5-zaZn9vt0_HNj-Hug,FR,2020-07-25T15:28:57.064817Z,UUssuk5-zaZn9vt0_HNj-Hug,2026-01-31 15:50:36
UCt3bV9VvoCrXILlR1Z6kGmQ,Rémi Lou,@remiloufr,https://www.youtube.com/channel/UCt3bV9VvoCrXILlR1Z6kGmQ,FR,2017-10-03T17:15:39Z,UUt3bV9VvoCrXILlR1Z6kGmQ,2026-01-31 15:50:36
UCtPzJInyqqt__Tn0EaUlaAw,Science Gaming,@sciencegamingtv,https://www.youtube.com/channel/UCtPzJInyqqt__Tn0EaUlaAw,FR,2012-12-03T16:56:01Z,UUtPzJInyqqt__Tn0EaUlaAw,2026-01-31 15:50:36
UCu6HC8ahaPWqqfSvic7nWyQ,Nightech,@nightech,https://www.youtube.com/channel/UCu6HC8ahaPWqqfSvic7nWyQ,FR,2012-01-12T18:25:58Z,UUu6HC8ahaPWqqfSvic7nWyQ,2026-01-31 15:50:36
UCuDNiVxL-Zfw0CBVQ4oOr8w,DealSmart FR,@dealsmartfr,https://www.youtube.com/channel/UCuDNiVxL-Zfw0CBVQ4oOr8w,FR,2020-08-02T00:00:10.743131Z,UUuDNiVxL-Zfw0CBVQ4oOr8w,2026-01-31 15:50:36
UCuE3ei3NOnVjQUefjHUCF5Q,DiscoverID,@discoverid,https://www.youtube.com/channel/UCuE3ei3NOnVjQUefjHUCF5Q,FR,2016-11-06T22:35:13Z,UUuE3ei3NOnVjQUefjHUCF5Q,2026-01-31 15:50:36
UCuJtgmGNF_PvicQkf88t-5g,ChristoTech,@christotech,https://www.youtube.com/channel/UCuJtgmGNF_PvicQkf88t-5g,FR,2011-02-21T13:19:03Z,UUuJtgmGNF_PvicQkf88t-5g,2026-01-31 15:50:36
UCv8L8SztjsNYT4FpX8g5ATw,INFOMAX Paris,@infomaxparis,https://www.youtube.com/channel/UCv8L8SztjsNYT4FpX8g5ATw,FR,2011-09-28T13:05:50Z,UUv8L8SztjsNYT4FpX8g5ATw,2026-01-31 15:50:36
UCwWgvJHw1mNRq_ry6VoPKEg,Yada,@yadaclash,https://www.youtube.com/channel/UCwWgvJHw1mNRq_ry6VoPKEg,FR,2016-05-09T21:22:55Z,UUwWgvJHw1mNRq_ry6VoPKEg,2026-01-31 15:50:36
UCwZsbPUXohCN867pQzioGLw,Nicolas Barbet,@_nicolasbarbet_,https://www.youtube.com/channel/UCwZsbPUXohCN867pQzioGLw,FR,2019-09-29T15:53:04Z,UUwZsbPUXohCN867pQzioGLw,2026-01-31 15:50:36
UCwsQtHFlS-LKVn8xJ3TaupQ,Monsieur Pixel,@monsieurpix,https://www.youtube.com/channel/UCwsQtHFlS-LKVn8xJ3TaupQ,FR,2016-02-25T09:04:59Z,UUwsQtHFlS-LKVn8xJ3TaupQ,2026-01-31 15:50:36
UCxej0ZiLbbeVrz3XQZjj-MA,Huawei Mobile France,@huaweidevicefrance,https://www.youtube.com/channel/UCxej0ZiLbbeVrz3XQZjj-MA,FR,2012-10-03T08:51:44Z,UUxej0ZiLbbeVrz3XQZjj-MA,2026-01-31 15:50:36
UCxpT79bmhxk50l8P50WG86w,Discoverdex,@discoverdex,https://www.youtube.com/channel/UCxpT79bmhxk50l8P50WG86w,FR,2012-03-06T21:34:27Z,UUxpT79bmhxk50l8P50WG86w,2026-01-31 15:50:36
UCySZIa8Y4e6aSVg4CISXAOA,Mathieu Dos Santos,@mathieu_dossantos,https://www.youtube.com/channel/UCySZIa8Y4e6aSVg4CISXAOA,FR,2016-01-02T19:23:11Z,UUySZIa8Y4e6aSVg4CISXAOA,2026-01-31 15:50:36
UCyeoo6CDdAyYGyUvHWF0gSA,Garmin France,@garminfrance,https://www.youtube.com/channel/UCyeoo6CDdAyYGyUvHWF0gSA,FR,2008-04-22T15:22:46Z,UUyeoo6CDdAyYGyUvHWF0gSA,2026-01-31 15:50:36
UCz-hlzLKQ__1nKXarSedtQA,HardwareFRA,@hardwarefra,https://www.youtube.com/channel/UCz-hlzLKQ__1nKXarSedtQA,FR,2016-09-03T19:19:06Z,UUz-hlzLKQ__1nKXarSedtQA,2026-01-31 15:50:36
UCz6PEeVLG1TL6jMRTvSLm4g,Matt Talks Tech,@matttalktech,https://www.youtube.com/channel/UCz6PEeVLG1TL6jMRTvSLm4g,GB,2012-07-05T09:59:52Z,UUz6PEeVLG1TL6jMRTvSLm4g,2026-01-31 15:50:36
UCzICpbabqKwBTpb9XlWerjA,PassTech TV,@passtechtv3625,https://www.youtube.com/channel/UCzICpbabqKwBTpb9XlWerjA,FR,2017-12-06T18:25:21Z,UUzICpbabqKwBTpb9XlWerjA,2026-01-31 15:50:36
